CREATE TABLE public.types (
    id INT PRIMARY KEY,
    name VARCHAR(32) NOT NULL
);

CREATE TABLE public.capacities (
    id INT PRIMARY KEY,
    name VARCHAR(32) NOT NULL,
    category VARCHAR(32) NOT NULL,
    power INT,
    accuracy INT,
    pp INT,
    id_type INT NOT NULL,
    FOREIGN KEY (id_type) REFERENCES types(id)
);

CREATE TABLE public.stats (
    id INT PRIMARY KEY,
    hp INT NOT NULL,
    attack INT NOT NULL,
    defense INT NOT NULL,
    speed INT NOT NULL,
    special INT NOT NULL
);

CREATE TABLE public.pokemons (
    id INT PRIMARY KEY,
    name VARCHAR(64) NOT NULL,
    id_stat INT NOT NULL,
    evolution_level INT DEFAULT NULL,
    id_evolution INT DEFAULT NULL,
    FOREIGN KEY (id_stat) REFERENCES stats(id),
    FOREIGN KEY (id_evolution) REFERENCES pokemons(id)
);

CREATE TABLE public.pokemon_type (
    id_pokemon INT NOT NULL,
    id_type INT NOT NULL,
    PRIMARY KEY (id_pokemon, id_type),
    FOREIGN KEY (id_pokemon) REFERENCES pokemons(id),
    FOREIGN KEY (id_type) REFERENCES types(id)
);

CREATE TABLE public.pokemon_capacity (
    id_pokemon INT NOT NULL,
    id_capacity INT NOT NULL,
    level INT NOT NULL,
    PRIMARY KEY (id_pokemon, id_capacity),
    FOREIGN KEY (id_pokemon) REFERENCES pokemons(id),
    FOREIGN KEY (id_capacity) REFERENCES capacities(id)
);



INSERT INTO types VALUES (1, 'Bug'),
(2, 'Dark'),
(3, 'Dragon'),
(4, 'Electric'),
(5, 'Fairy'),
(6, 'Fighting'),
(7, 'Fire'),
(8, 'Flying'),
(9, 'Ghost'),
(10, 'Grass'),
(11, 'Ground'),
(12, 'Ice'),
(13, 'Normal'),
(14, 'Poison'),
(15, 'Psychic'),
(16, 'Rock'),
(17, 'Steel'),
(18, 'Water');



INSERT INTO capacities VALUES (1, 'Absorb', 'special', 20, 100, 25, 10),
(2, 'Acid', 'special', 40, 100, 30, 14),
(3, 'Acid Armor', 'status', null, null, 20, 14),
(4, 'Agility', 'status', null, null, 30, 15),
(5, 'Amnesia', 'status', null, null, 20, 15),
(6, 'Aurora Beam', 'special', 65, 100, 20, 12),
(7, 'Barrage', 'physical', 15, 85, 20, 13),
(8, 'Barrier', 'status', null, null, 20, 15),
(9, 'Bide', 'physical', null, null, 10, 13),
(10, 'Bind', 'physical', 15, 85, 20, 13),
(11, 'Bite', 'physical', 60, 100, 25, 2),
(12, 'Blizzard', 'special', 110, 70, 5, 12),
(13, 'Body Slam', 'physical', 85, 100, 15, 13),
(14, 'Bone Club', 'physical', 65, 85, 20, 11),
(15, 'Bonemerang', 'physical', 50, 90, 10, 11),
(16, 'Bubble', 'special', 40, 100, 30, 18),
(17, 'Bubble Beam', 'special', 65, 100, 20, 18),
(18, 'Clamp', 'physical', 35, 85, 15, 18),
(19, 'Comet Punch', 'physical', 18, 85, 15, 13),
(20, 'Confuse Ray', 'status', null, 100, 10, 9),
(21, 'Confusion', 'special', 50, 100, 25, 15),
(22, 'Constrict', 'physical', 10, 100, 35, 13),
(23, 'Conversion', 'status', null, null, 30, 13),
(24, 'Counter', 'physical', null, 100, 20, 6),
(25, 'Crabhammer', 'physical', 100, 90, 10, 18),
(26, 'Cut', 'physical', 50, 95, 30, 13),
(27, 'Defense Curl', 'status', null, null, 40, 13),
(28, 'Dig', 'physical', 80, 100, 10, 11),
(29, 'Disable', 'status', null, 100, 20, 13),
(30, 'Dizzy Punch', 'physical', 70, 100, 10, 13),
(31, 'Double Kick', 'physical', 30, 100, 30, 6),
(32, 'Double Slap', 'physical', 15, 85, 10, 13),
(33, 'Double Team', 'status', null, null, 15, 13),
(34, 'Double-Edge', 'physical', 120, 100, 15, 13),
(35, 'Dragon Rage', 'special', null, 100, 10, 3),
(36, 'Dream Eater', 'special', 100, 100, 15, 15),
(37, 'Drill Peck', 'physical', 80, 100, 20, 8),
(38, 'Earthquake', 'physical', 100, 100, 10, 11),
(39, 'Egg Bomb', 'physical', 100, 75, 10, 13),
(40, 'Ember', 'special', 40, 100, 25, 7),
(41, 'Explosion', 'physical', 250, 100, 5, 13),
(42, 'Fire Blast', 'special', 110, 85, 5, 7),
(43, 'Fire Punch', 'physical', 75, 100, 15, 7),
(44, 'Fire Spin', 'special', 35, 85, 15, 7),
(45, 'Fissure', 'physical', null, 30, 5, 11),
(46, 'Flamethrower', 'special', 90, 100, 15, 7),
(47, 'Flash', 'status', null, 100, 20, 13),
(48, 'Fly', 'physical', 90, 95, 15, 8),
(49, 'Focus Energy', 'status', null, null, 30, 13),
(50, 'Fury Attack', 'physical', 15, 85, 20, 13),
(51, 'Fury Swipes', 'physical', 18, 80, 15, 13),
(52, 'Glare', 'status', null, 100, 30, 13),
(53, 'Growl', 'status', null, 100, 40, 13),
(54, 'Growth', 'status', null, null, 20, 13),
(55, 'Guillotine', 'physical', null, 30, 5, 13),
(56, 'Gust', 'special', 40, 100, 35, 8),
(57, 'Harden', 'status', null, null, 30, 13),
(58, 'Haze', 'status', null, null, 30, 12),
(59, 'Headbutt', 'physical', 70, 100, 15, 13),
(60, 'High Jump Kick', 'physical', 130, 90, 10, 6),
(61, 'Horn Attack', 'physical', 65, 100, 25, 13),
(62, 'Horn Drill', 'physical', null, 30, 5, 13),
(63, 'Hydro Pump', 'special', 110, 80, 5, 18),
(64, 'Hyper Beam', 'special', 150, 90, 5, 13),
(65, 'Hyper Fang', 'physical', 80, 90, 15, 13),
(66, 'Hypnosis', 'status', null, 60, 20, 15),
(67, 'Ice Beam', 'special', 90, 100, 10, 12),
(68, 'Ice Punch', 'physical', 75, 100, 15, 12),
(69, 'Jump Kick', 'physical', 100, 95, 10, 6),
(70, 'Karate Chop', 'physical', 50, 100, 25, 6),
(71, 'Kinesis', 'status', null, 80, 15, 15),
(72, 'Leech Life', 'physical', 80, 100, 10, 1),
(73, 'Leech Seed', 'status', null, 90, 10, 10),
(74, 'Leer', 'status', null, 100, 30, 13),
(75, 'Lick', 'physical', 30, 100, 30, 9),
(76, 'Light Screen', 'status', null, null, 30, 15),
(77, 'Lovely Kiss', 'status', null, 75, 10, 13),
(78, 'Low Kick', 'physical', null, 100, 20, 6),
(79, 'Meditate', 'status', null, null, 40, 15),
(80, 'Mega Drain', 'special', 40, 100, 15, 10),
(81, 'Mega Kick', 'physical', 120, 75, 5, 13),
(82, 'Mega Punch', 'physical', 80, 85, 20, 13),
(83, 'Metronome', 'status', null, null, 10, 13),
(84, 'Mimic', 'status', null, null, 10, 13),
(85, 'Minimize', 'status', null, null, 10, 13),
(86, 'Mirror Move', 'status', null, null, 20, 8),
(87, 'Mist', 'status', null, null, 30, 12),
(88, 'Night Shade', 'special', null, 100, 15, 9),
(89, 'Pay Day', 'physical', 40, 100, 20, 13),
(90, 'Peck', 'physical', 35, 100, 35, 8),
(91, 'Petal Dance', 'special', 120, 100, 10, 10),
(92, 'Pin Missile', 'physical', 25, 95, 20, 1),
(93, 'Poison Gas', 'status', null, 90, 40, 14),
(94, 'Poison Powder', 'status', null, 75, 35, 14),
(95, 'Poison Sting', 'physical', 15, 100, 35, 14),
(96, 'Pound', 'physical', 40, 100, 35, 13),
(97, 'Psybeam', 'special', 65, 100, 20, 15),
(98, 'Psychic', 'special', 90, 100, 10, 15),
(99, 'Psywave', 'special', null, 100, 15, 15),
(100, 'Quick Attack', 'physical', 40, 100, 30, 13),
(101, 'Rage', 'physical', 20, 100, 20, 13),
(102, 'Razor Leaf', 'physical', 55, 95, 25, 10),
(103, 'Razor Wind', 'special', 80, 100, 10, 13),
(104, 'Recover', 'status', null, null, 5, 13),
(105, 'Reflect', 'status', null, null, 20, 15),
(106, 'Rest', 'status', null, null, 10, 15),
(107, 'Roar', 'status', null, null, 20, 13),
(108, 'Rock Slide', 'physical', 75, 90, 10, 16),
(109, 'Rock Throw', 'physical', 50, 90, 15, 16),
(110, 'Rolling Kick', 'physical', 60, 85, 15, 6),
(111, 'Sand Attack', 'status', null, 100, 15, 11),
(112, 'Scratch', 'physical', 40, 100, 35, 13),
(113, 'Screech', 'status', null, 85, 40, 13),
(114, 'Seismic Toss', 'physical', null, 100, 20, 6),
(115, 'Self-Destruct', 'physical', 200, 100, 5, 13),
(116, 'Sharpen', 'status', null, null, 30, 13),
(117, 'Sing', 'status', null, 55, 15, 13),
(118, 'Skull Bash', 'physical', 130, 100, 10, 13),
(119, 'Sky Attack', 'physical', 140, 90, 5, 8),
(120, 'Slam', 'physical', 80, 75, 20, 13),
(121, 'Slash', 'physical', 70, 100, 20, 13),
(122, 'Sleep Powder', 'status', null, 75, 15, 10),
(123, 'Sludge', 'special', 65, 100, 20, 14),
(124, 'Smog', 'special', 30, 70, 20, 14),
(125, 'Smokescreen', 'status', null, 100, 20, 13),
(126, 'Soft-Boiled', 'status', null, null, 10, 13),
(127, 'Solar Beam', 'special', 120, 100, 10, 10),
(128, 'Sonic Boom', 'special', null, 90, 20, 13),
(129, 'Spike Cannon', 'physical', 20, 100, 15, 13),
(130, 'Splash', 'status', null, null, 40, 13),
(131, 'Spore', 'status', null, 100, 15, 10),
(132, 'Stomp', 'physical', 65, 100, 20, 13),
(133, 'Strength', 'physical', 80, 100, 15, 13),
(134, 'String Shot', 'status', null, 95, 40, 1),
(135, 'Struggle', 'physical', 50, null, null, 13),
(136, 'Stun Spore', 'status', null, 75, 30, 10),
(137, 'Submission', 'physical', 80, 80, 20, 6),
(138, 'Substitute', 'status', null, null, 10, 13),
(139, 'Super Fang', 'physical', null, 90, 10, 13),
(140, 'Supersonic', 'status', null, 55, 20, 13),
(141, 'Surf', 'special', 90, 100, 15, 18),
(142, 'Swift', 'special', 60, null, 20, 13),
(143, 'Swords Dance', 'status', null, null, 20, 13),
(144, 'Tackle', 'physical', 40, 100, 35, 13),
(145, 'Tail Whip', 'status', null, 100, 30, 13),
(146, 'Take Down', 'physical', 90, 85, 20, 13),
(147, 'Teleport', 'status', null, null, 20, 15),
(148, 'Thrash', 'physical', 120, 100, 10, 13),
(149, 'Thunder', 'special', 110, 70, 10, 4),
(150, 'Thunder Punch', 'physical', 75, 100, 15, 4),
(151, 'Thunder Shock', 'special', 40, 100, 30, 4),
(152, 'Thunder Wave', 'status', null, 90, 20, 4),
(153, 'Thunderbolt', 'special', 90, 100, 15, 4),
(154, 'Toxic', 'status', null, 90, 10, 14),
(155, 'Transform', 'status', null, null, 10, 13),
(156, 'Tri Attack', 'special', 80, 100, 10, 13),
(157, 'Twineedle', 'physical', 25, 100, 20, 1),
(158, 'Vine Whip', 'physical', 45, 100, 25, 10),
(159, 'Vice Grip', 'physical', 55, 100, 30, 13),
(160, 'Water Gun', 'special', 40, 100, 25, 18),
(161, 'Waterfall', 'physical', 80, 100, 15, 18),
(162, 'Whirlwind', 'status', null, null, 20, 13),
(163, 'Wing Attack', 'physical', 60, 100, 35, 8),
(164, 'Withdraw', 'status', null, null, 40, 18),
(165, 'Wrap', 'physical', 15, 90, 20, 13);



INSERT INTO stats VALUES (1, 45, 49, 49, 45, 65),
(2, 60, 62, 63, 60, 80),
(3, 80, 82, 83, 80, 100),
(4, 39, 52, 43, 65, 50),
(5, 58, 64, 58, 80, 65),
(6, 78, 84, 78, 100, 85),
(7, 44, 48, 65, 43, 50),
(8, 59, 63, 80, 58, 65),
(9, 79, 83, 100, 78, 85),
(10, 45, 30, 35, 45, 20),
(11, 50, 20, 55, 30, 25),
(12, 60, 45, 50, 70, 80),
(13, 40, 35, 30, 50, 20),
(14, 45, 25, 50, 35, 25),
(15, 65, 80, 40, 75, 45),
(16, 40, 45, 40, 56, 35),
(17, 63, 60, 55, 71, 50),
(18, 83, 80, 75, 91, 70),
(19, 30, 56, 35, 72, 25),
(20, 55, 81, 60, 97, 50),
(21, 40, 60, 30, 70, 31),
(22, 65, 90, 65, 100, 61),
(23, 35, 60, 44, 55, 40),
(24, 60, 85, 69, 80, 65),
(25, 35, 55, 30, 90, 50),
(26, 60, 90, 55, 100, 90),
(27, 50, 75, 85, 40, 30),
(28, 75, 100, 110, 65, 55),
(29, 55, 47, 52, 41, 40),
(30, 70, 62, 67, 56, 55),
(31, 90, 82, 87, 76, 75),
(32, 46, 57, 40, 50, 40),
(33, 61, 72, 57, 65, 55),
(34, 81, 92, 77, 85, 75),
(35, 70, 45, 48, 35, 60),
(36, 95, 70, 73, 60, 85),
(37, 38, 41, 40, 65, 65),
(38, 73, 76, 75, 100, 100),
(39, 115, 45, 20, 20, 25),
(40, 140, 70, 45, 45, 50),
(41, 40, 45, 35, 55, 40),
(42, 75, 80, 70, 90, 75),
(43, 45, 50, 55, 30, 75),
(44, 60, 65, 70, 40, 85),
(45, 75, 80, 85, 50, 100),
(46, 35, 70, 55, 25, 55),
(47, 60, 95, 80, 30, 80),
(48, 60, 55, 50, 45, 40),
(49, 70, 65, 60, 90, 90),
(50, 10, 55, 25, 95, 45),
(51, 35, 80, 50, 120, 70),
(52, 40, 45, 35, 90, 40),
(53, 65, 70, 60, 115, 65),
(54, 50, 52, 48, 55, 50),
(55, 80, 82, 78, 85, 80),
(56, 40, 80, 35, 70, 35),
(57, 65, 105, 60, 95, 60),
(58, 55, 70, 45, 60, 50),
(59, 90, 110, 80, 95, 80),
(60, 40, 50, 40, 90, 40),
(61, 65, 65, 65, 90, 50),
(62, 90, 85, 95, 70, 70),
(63, 25, 20, 15, 90, 105),
(64, 40, 35, 30, 105, 120),
(65, 55, 50, 45, 120, 135),
(66, 70, 80, 50, 35, 35),
(67, 80, 100, 70, 45, 50),
(68, 90, 130, 80, 55, 65),
(69, 50, 75, 35, 40, 70),
(70, 65, 90, 50, 55, 85),
(71, 80, 105, 65, 70, 100),
(72, 40, 40, 35, 70, 100),
(73, 80, 70, 65, 100, 120),
(74, 40, 80, 100, 20, 30),
(75, 55, 95, 115, 35, 45),
(76, 80, 110, 130, 45, 55),
(77, 50, 85, 55, 90, 65),
(78, 65, 100, 70, 105, 80),
(79, 90, 65, 65, 15, 40),
(80, 95, 75, 110, 30, 80),
(81, 25, 35, 70, 45, 95),
(82, 50, 60, 95, 70, 120),
(83, 52, 65, 55, 60, 58),
(84, 35, 85, 45, 75, 35),
(85, 60, 110, 70, 100, 60),
(86, 65, 45, 55, 45, 70),
(87, 90, 70, 80, 70, 95),
(88, 80, 80, 50, 25, 40),
(89, 105, 105, 75, 50, 65),
(90, 30, 65, 100, 40, 45),
(91, 50, 95, 180, 70, 85),
(92, 30, 35, 30, 80, 100),
(93, 45, 50, 45, 95, 115),
(94, 60, 65, 60, 110, 130),
(95, 35, 45, 160, 70, 30),
(96, 60, 48, 45, 42, 90),
(97, 85, 73, 70, 67, 115),
(98, 30, 105, 90, 50, 25),
(99, 55, 130, 115, 75, 50),
(100, 40, 30, 50, 100, 55),
(101, 60, 50, 70, 140, 80),
(102, 60, 40, 80, 40, 60),
(103, 95, 95, 85, 55, 125),
(104, 50, 50, 95, 35, 40),
(105, 60, 80, 110, 45, 50),
(106, 50, 120, 53, 87, 35),
(107, 50, 105, 79, 76, 35),
(108, 90, 55, 75, 30, 60),
(109, 40, 65, 95, 35, 60),
(110, 65, 90, 120, 60, 85),
(111, 80, 85, 95, 25, 30),
(112, 105, 130, 120, 40, 45),
(113, 250, 5, 5, 50, 105),
(114, 65, 55, 115, 60, 100),
(115, 105, 95, 80, 90, 40),
(116, 30, 40, 70, 60, 70),
(117, 55, 65, 95, 85, 95),
(118, 45, 67, 60, 63, 50),
(119, 80, 92, 65, 68, 80),
(120, 30, 45, 55, 85, 70),
(121, 60, 75, 85, 115, 100),
(122, 40, 45, 65, 90, 100),
(123, 70, 110, 80, 105, 55),
(124, 65, 50, 35, 95, 95),
(125, 65, 83, 57, 105, 85),
(126, 65, 95, 57, 93, 85),
(127, 65, 125, 100, 85, 55),
(128, 75, 100, 95, 110, 70),
(129, 20, 10, 55, 80, 20),
(130, 95, 125, 79, 81, 100),
(131, 130, 85, 80, 60, 95),
(132, 48, 48, 48, 48, 48),
(133, 55, 55, 50, 55, 65),
(134, 130, 65, 60, 65, 110),
(135, 65, 65, 60, 130, 110),
(136, 65, 130, 60, 65, 110),
(137, 65, 60, 70, 40, 75),
(138, 35, 40, 100, 35, 90),
(139, 70, 60, 125, 55, 115),
(140, 30, 80, 90, 55, 45),
(141, 60, 115, 105, 80, 70),
(142, 80, 105, 65, 130, 60),
(143, 160, 110, 65, 30, 65),
(144, 90, 85, 100, 85, 125),
(145, 90, 90, 85, 100, 125),
(146, 90, 100, 90, 90, 125),
(147, 41, 64, 45, 50, 50),
(148, 61, 84, 65, 70, 70),
(149, 91, 134, 95, 80, 100),
(150, 106, 110, 90, 130, 154),
(151, 100, 100, 100, 100, 100);



INSERT INTO pokemons VALUES (1, 'Bulbasaur', 1, 16, 2),
(2, 'Ivysaur', 2, 32, 3),
(3, 'Venusaur', 3, null, null),
(4, 'Charmander', 4, 16, 5),
(5, 'Charmeleon', 5, 36, 6),
(6, 'Charizard', 6, null, null),
(7, 'Squirtle', 7, 16, 8),
(8, 'Wartortle', 8, 36, 9),
(9, 'Blastoise', 9, null, null),
(10, 'Caterpie', 10, 7, 1),
(11, 'Metapod', 11, 10, 12),
(12, 'Butterfree', 12, null, null),
(13, 'Weedle', 13, 7, 14),
(14, 'Kakuna', 14, 10, 15),
(15, 'Beedrill', 15, null, null),
(16, 'Pidgey', 16, 18, 17),
(17, 'Pidgeotto', 17, 36, 18),
(18, 'Pidgeot', 18, null, null),
(19, 'Rattata', 19, 20, 20),
(20, 'Raticate', 20, null, null),
(21, 'Spearow', 21, 20, 22),
(22, 'Fearow', 22, null, null),
(23, 'Ekans', 23, 22, 24),
(24, 'Arbok', 24, null, null),
(25, 'Pikachu', 25, null, null),
(26, 'Raichu', 26, null, null),
(27, 'Sandshrew', 27, 22, 28),
(28, 'Sandslash', 28, null, null),
(29, 'Nidoran♀', 29, 16, 30),
(30, 'Nidorina', 30, null, null),
(31, 'Nidoqueen', 31, null, null),
(32, 'Nidoran♂', 32, 16, 33),
(33, 'Nidorino', 33, null, null),
(34, 'Nidoking', 34, null, null),
(35, 'Clefairy', 35, null, null),
(36, 'Clefable', 36, null, null),
(37, 'Vulpix', 37, null, null),
(38, 'Ninetales', 38, null, null),
(39, 'Jigglypuff', 39, null, null),
(40, 'Wigglytuff', 40, null, null),
(41, 'Zubat', 41, 22, 42),
(42, 'Golbat', 42, null, null),
(43, 'Oddish', 43, 21, 44),
(44, 'Gloom', 44, null, null),
(45, 'Vileplume', 45, null, null),
(46, 'Paras', 46, 24, 47),
(47, 'Parasect', 47, null, null),
(48, 'Venonat', 48, 31, 49),
(49, 'Venomoth', 49, null, null),
(50, 'Diglett', 50, 26, 51),
(51, 'Dugtrio', 51, null, null),
(52, 'Meowth', 52, 28, 53),
(53, 'Persian', 53, null, null),
(54, 'Psyduck', 54, 33, 55),
(55, 'Golduck', 55, null, null),
(56, 'Mankey', 56, 28, 57),
(57, 'Primeape', 57, null, null),
(58, 'Growlithe', 58, null, null),
(59, 'Arcanine', 59, null, null),
(60, 'Poliwag', 60, 25, 61),
(61, 'Poliwhirl', 61, null, null),
(62, 'Poliwrath', 62, null, null),
(63, 'Abra', 63, 16, 64),
(64, 'Kadabra', 64, null, null),
(65, 'Alakazam', 65, null, null),
(66, 'Machop', 66, 28, 67),
(67, 'Machoke', 67, null, null),
(68, 'Machamp', 68, null, null),
(69, 'Bellsprout', 69, 21, 70),
(70, 'Weepinbell', 70, null, null),
(71, 'Victreebel', 71, null, null),
(72, 'Tentacool', 72, 30, 73),
(73, 'Tentacruel', 73, null, null),
(74, 'Geodude', 74, 25, 75),
(75, 'Graveler', 75, null, null),
(76, 'Golem', 76, null, null),
(77, 'Ponyta', 77, 40, 78),
(78, 'Rapidash', 78, null, null),
(79, 'Slowpoke', 79, 37, 80),
(80, 'Slowbro', 80, null, null),
(81, 'Magnemite', 81, 30, 82),
(82, 'Magneton', 82, null, null),
(83, 'Farfetch''d', 83, null, null),
(84, 'Doduo', 84, 31, 85),
(85, 'Dodrio', 85, null, null),
(86, 'Seel', 86, 34, 87),
(87, 'Dewgong', 87, null, null),
(88, 'Grimer', 88, 38, 89),
(89, 'Muk', 89, null, null),
(90, 'Shellder', 90, null, null),
(91, 'Cloyster', 91, null, null),
(92, 'Gastly', 92, 25, 93),
(93, 'Haunter', 93, null, null),
(94, 'Gengar', 94, null, null),
(95, 'Onix', 95, null, null),
(96, 'Drowzee', 96, 26, 97),
(97, 'Hypno', 97, null, null),
(98, 'Krabby', 98, 28, 99),
(99, 'Kingler', 99, null, null),
(100, 'Voltorb', 100, 30, 101),
(101, 'Electrode', 101, null, null),
(102, 'Exeggcute', 102, null, null),
(103, 'Exeggutor', 103, null, null),
(104, 'Cubone', 104, 28, 105),
(105, 'Marowak', 105, null, null),
(106, 'Hitmonlee', 106, null, null),
(107, 'Hitmonchan', 107, null, null),
(108, 'Lickitung', 108, null, null),
(109, 'Koffing', 109, 35, 110),
(110, 'Weezing', 110, null, null),
(111, 'Rhyhorn', 111, 42, 112),
(112, 'Rhydon', 112, null, null),
(113, 'Chansey', 113, null, null),
(114, 'Tangela', 114, null, null),
(115, 'Kangaskhan', 115, null, null),
(116, 'Horsea', 116, 32, 117),
(117, 'Seadra', 117, null, null),
(118, 'Goldeen', 118, 33, 119),
(119, 'Seaking', 119, null, null),
(120, 'Staryu', 120, null, null),
(121, 'Starmie', 121, null, null),
(122, 'Mr. Mime', 122, null, null),
(123, 'Scyther', 123, null, null),
(124, 'Jynx', 124, null, null),
(125, 'Electabuzz', 125, null, null),
(126, 'Magmar', 126, null, null),
(127, 'Pinsir', 127, null, null),
(128, 'Tauros', 128, null, null),
(129, 'Magikarp', 129, 20, 130),
(130, 'Gyarados', 130, null, null),
(131, 'Lapras', 131, null, null),
(132, 'Ditto', 132, null, null),
(133, 'Eevee', 133, null, null),
(134, 'Vaporeon', 134, null, null),
(135, 'Jolteon', 135, null, null),
(136, 'Flareon', 136, null, null),
(137, 'Porygon', 137, null, null),
(138, 'Omanyte', 138, 40, 139),
(139, 'Omastar', 139, null, null),
(140, 'Kabuto', 140, 40, 141),
(141, 'Kabutops', 141, null, null),
(142, 'Aerodactyl', 142, null, null),
(143, 'Snorlax', 143, null, null),
(144, 'Articuno', 144, null, null),
(145, 'Zapdos', 145, null, null),
(146, 'Moltres', 146, null, null),
(147, 'Dratini', 147, 30, 148),
(148, 'Dragonair', 148, 55, 149),
(149, 'Dragonite', 149, null, null),
(150, 'Mewtwo', 150, null, null),
(151, 'Mew', 151, null, null);



INSERT INTO pokemon_type VALUES (1, 10),
(1, 14),
(2, 10),
(2, 14),
(3, 10),
(3, 14),
(4, 7),
(5, 7),
(6, 7),
(6, 8),
(7, 18),
(8, 18),
(9, 18),
(10, 1),
(11, 1),
(12, 1),
(12, 8),
(13, 1),
(13, 14),
(14, 1),
(14, 14),
(15, 1),
(15, 14),
(16, 13),
(16, 8),
(17, 13),
(17, 8),
(18, 13),
(18, 8),
(19, 13),
(20, 13),
(21, 13),
(21, 8),
(22, 13),
(22, 8),
(23, 14),
(24, 14),
(25, 4),
(26, 4),
(27, 11),
(28, 11),
(29, 14),
(30, 14),
(31, 14),
(31, 11),
(32, 14),
(33, 14),
(34, 14),
(34, 11),
(35, 5),
(36, 5),
(37, 7),
(38, 7),
(39, 13),
(39, 5),
(40, 13),
(40, 5),
(41, 14),
(41, 8),
(42, 14),
(42, 8),
(43, 10),
(43, 14),
(44, 10),
(44, 14),
(45, 10),
(45, 14),
(46, 1),
(46, 10),
(47, 1),
(47, 10),
(48, 1),
(48, 14),
(49, 1),
(49, 14),
(50, 11),
(51, 11),
(52, 13),
(53, 13),
(54, 18),
(55, 18),
(56, 6),
(57, 6),
(58, 7),
(59, 7),
(60, 18),
(61, 18),
(62, 18),
(62, 6),
(63, 15),
(64, 15),
(65, 15),
(66, 6),
(67, 6),
(68, 6),
(69, 10),
(69, 14),
(70, 10),
(70, 14),
(71, 10),
(71, 14),
(72, 18),
(72, 14),
(73, 18),
(73, 14),
(74, 16),
(74, 11),
(75, 16),
(75, 11),
(76, 16),
(76, 11),
(77, 7),
(78, 7),
(79, 18),
(79, 15),
(80, 18),
(80, 15),
(81, 4),
(81, 17),
(82, 4),
(82, 17),
(83, 13),
(83, 8),
(84, 13),
(84, 8),
(85, 13),
(85, 8),
(86, 18),
(87, 18),
(87, 12),
(88, 14),
(89, 14),
(90, 18),
(91, 18),
(91, 12),
(92, 9),
(92, 14),
(93, 9),
(93, 14),
(94, 9),
(94, 14),
(95, 16),
(95, 11),
(96, 15),
(97, 15),
(98, 18),
(99, 18),
(100, 4),
(101, 4),
(102, 10),
(102, 15),
(103, 10),
(103, 15),
(104, 11),
(105, 11),
(106, 6),
(107, 6),
(108, 13),
(109, 14),
(110, 14),
(111, 11),
(111, 16),
(112, 11),
(112, 16),
(113, 13),
(114, 10),
(115, 13),
(116, 18),
(117, 18),
(118, 18),
(119, 18),
(120, 18),
(121, 18),
(121, 15),
(122, 15),
(122, 5),
(123, 1),
(123, 8),
(124, 12),
(124, 15),
(125, 4),
(126, 7),
(127, 1),
(128, 13),
(129, 18),
(130, 18),
(130, 8),
(131, 18),
(131, 12),
(132, 13),
(133, 13),
(134, 18),
(135, 4),
(136, 7),
(137, 13),
(138, 16),
(138, 18),
(139, 16),
(139, 18),
(140, 16),
(140, 18),
(141, 16),
(141, 18),
(142, 16),
(142, 8),
(143, 13),
(144, 12),
(144, 8),
(145, 4),
(145, 8),
(146, 7),
(146, 8),
(147, 3),
(148, 3),
(149, 3),
(149, 8),
(150, 15),
(151, 15);



INSERT INTO pokemon_capacity VALUES (1, 53, 1),
(1, 54, 34),
(1, 73, 7),
(1, 94, 20),
(1, 102, 27),
(1, 122, 41),
(1, 127, 48),
(1, 144, 1),
(1, 158, 13),
(2, 53, 1),
(2, 54, 38),
-- (2, 73, 1),
(2, 73, 7),
(2, 94, 22),
(2, 102, 30),
(2, 122, 46),
(2, 127, 54),
(2, 144, 1),
(2, 158, 13),
(3, 53, 1),
(3, 54, 43),
-- (3, 73, 1),
(3, 73, 7),
(3, 94, 22),
(3, 102, 30),
(3, 122, 55),
(3, 127, 65),
(3, 144, 1),
-- (3, 158, 1),
(3, 158, 13),
(4, 40, 9),
(4, 44, 46),
(4, 46, 38),
(4, 53, 1),
(4, 74, 15),
(4, 101, 22),
(4, 112, 1),
(4, 121, 30),
-- (5, 40, 1),
(5, 40, 9),
(5, 44, 56),
(5, 46, 42),
(5, 53, 1),
(5, 74, 15),
(5, 101, 24),
(5, 112, 1),
(5, 121, 33),
-- (6, 40, 1),
(6, 40, 9),
(6, 44, 55),
(6, 46, 46),
(6, 53, 1),
-- (6, 74, 1),
(6, 74, 15),
(6, 101, 24),
(6, 112, 1),
(6, 121, 36),
(7, 11, 22),
(7, 16, 8),
(7, 63, 42),
(7, 118, 35),
(7, 144, 1),
(7, 145, 1),
(7, 160, 15),
(7, 164, 28),
(8, 11, 24),
-- (8, 16, 1),
(8, 16, 8),
(8, 63, 47),
(8, 118, 39),
(8, 144, 1),
(8, 145, 1),
(8, 160, 15),
(8, 164, 31),
(9, 11, 24),
-- (9, 16, 1),
(9, 16, 8),
(9, 63, 52),
(9, 118, 42),
(9, 144, 1),
(9, 145, 1),
-- (9, 160, 1),
(9, 160, 15),
(9, 164, 31),
(10, 134, 1),
(10, 144, 1),
(11, 57, 1),
-- (12, 21, 1),
(12, 21, 12),
(12, 94, 15),
(12, 97, 32),
(12, 122, 17),
(12, 136, 16),
(12, 140, 21),
(12, 162, 26),
(13, 95, 1),
(13, 134, 1),
(14, 57, 1),
(15, 4, 35),
(15, 49, 16),
-- (15, 50, 1),
(15, 50, 12),
(15, 92, 30),
(15, 101, 25),
(15, 157, 20),
(16, 4, 36),
(16, 56, 1),
(16, 86, 44),
(16, 100, 12),
(16, 111, 5),
(16, 162, 19),
(16, 163, 28),
(17, 4, 40),
(17, 56, 1),
(17, 86, 49),
(17, 100, 12),
-- (17, 111, 1),
(17, 111, 5),
(17, 162, 21),
(17, 163, 31),
(18, 4, 44),
(18, 56, 1),
(18, 86, 54),
-- (18, 100, 1),
(18, 100, 12),
-- (18, 111, 1),
(18, 111, 5),
(18, 162, 21),
(18, 163, 31),
(19, 49, 23),
(19, 65, 14),
(19, 100, 7),
(19, 139, 34),
(19, 144, 1),
(19, 145, 1),
(20, 49, 27),
(20, 65, 14),
-- (20, 100, 1),
(20, 100, 7),
(20, 139, 41),
(20, 144, 1),
(20, 145, 1),
(21, 4, 36),
(21, 37, 29),
(21, 50, 15),
(21, 53, 1),
(21, 74, 9),
(21, 86, 22),
(21, 90, 1),
(22, 4, 43),
(22, 37, 34),
(22, 50, 15),
(22, 53, 1),
-- (22, 74, 1),
(22, 74, 9),
(22, 86, 25),
(22, 90, 1),
(23, 2, 38),
(23, 11, 17),
(23, 52, 24),
(23, 74, 1),
(23, 95, 10),
(23, 113, 31),
(23, 165, 1),
(24, 2, 47),
(24, 11, 17),
(24, 52, 27),
(24, 74, 1),
-- (24, 95, 1),
(24, 95, 10),
(24, 113, 36),
(24, 165, 1),
(25, 4, 33),
(25, 53, 1),
(25, 100, 16),
(25, 141, 0),
(25, 142, 26),
(25, 149, 43),
(25, 151, 1),
(25, 152, 9),
(26, 53, 1),
(26, 151, 1),
(26, 152, 1),
(27, 51, 38),
(27, 95, 24),
(27, 111, 10),
(27, 112, 1),
(27, 121, 17),
(27, 142, 31),
(28, 51, 47),
(28, 95, 27),
-- (28, 111, 1),
(28, 111, 10),
(28, 112, 1),
(28, 121, 17),
(28, 142, 36),
(29, 11, 29),
(29, 31, 43),
(29, 51, 36),
(29, 53, 1),
(29, 95, 14),
(29, 112, 8),
(29, 144, 1),
(29, 145, 21),
(30, 11, 32),
(30, 31, 50),
(30, 51, 41),
(30, 53, 1),
(30, 95, 14),
-- (30, 112, 1),
(30, 112, 8),
(30, 144, 1),
(30, 145, 23),
(31, 13, 1),
-- (31, 13, 23),
(31, 95, 14),
(31, 112, 1),
-- (31, 112, 8),
(31, 144, 1),
(31, 145, 1),
(32, 31, 43),
(32, 49, 21),
(32, 50, 29),
(32, 61, 8),
(32, 62, 36),
(32, 74, 1),
(32, 95, 14),
(32, 144, 1),
(33, 31, 50),
(33, 49, 23),
(33, 50, 32),
-- (33, 61, 1),
(33, 61, 8),
(33, 62, 41),
(33, 74, 1),
(33, 95, 14),
(33, 144, 1),
(34, 61, 1),
-- (34, 61, 8),
(34, 95, 1),
-- (34, 95, 14),
(34, 144, 1),
(34, 148, 1),
-- (34, 148, 23),
(35, 27, 39),
(35, 32, 18),
(35, 53, 1),
(35, 76, 48),
(35, 83, 31),
(35, 85, 24),
(35, 96, 1),
(35, 117, 13),
(36, 32, 1),
(36, 83, 1),
(36, 85, 1),
(36, 117, 1),
(37, 20, 28),
(37, 40, 1),
(37, 44, 42),
(37, 46, 35),
(37, 100, 16),
(37, 107, 21),
(37, 145, 1),
(38, 40, 1),
(38, 100, 1),
(38, 107, 1),
(38, 145, 1),
(39, 13, 34),
(39, 27, 19),
(39, 29, 14),
(39, 32, 24),
(39, 34, 39),
(39, 96, 9),
(39, 106, 29),
(39, 117, 1),
(40, 27, 1),
(40, 29, 1),
(40, 32, 1),
(40, 117, 1),
(41, 11, 15),
(41, 20, 21),
(41, 58, 36),
(41, 72, 1),
(41, 140, 10),
(41, 163, 28),
-- (42, 11, 1),
(42, 11, 15),
(42, 20, 21),
(42, 58, 43),
(42, 72, 1),
(42, 113, 1),
(42, 140, 10),
(42, 163, 32),
(43, 1, 1),
(43, 2, 24),
(43, 91, 33),
(43, 94, 15),
(43, 122, 19),
(43, 127, 46),
(43, 136, 17),
(44, 1, 1),
(44, 2, 28),
(44, 91, 38),
-- (44, 94, 1),
(44, 94, 15),
(44, 122, 19),
(44, 127, 52),
-- (44, 136, 1),
(44, 136, 17),
(45, 2, 1),
(45, 91, 1),
(45, 94, 15),
(45, 122, 1),
-- (45, 122, 19),
(45, 136, 1),
-- (45, 136, 17),
(46, 54, 41),
(46, 72, 20),
(46, 112, 1),
(46, 121, 34),
(46, 131, 27),
(46, 136, 13),
(47, 54, 48),
-- (47, 72, 1),
(47, 72, 20),
(47, 112, 1),
(47, 121, 39),
(47, 131, 30),
-- (47, 136, 1),
(47, 136, 13),
(48, 29, 1),
(48, 72, 27),
(48, 94, 24),
(48, 97, 35),
(48, 98, 43),
(48, 122, 38),
(48, 136, 30),
(48, 144, 1),
(49, 29, 1),
-- (49, 72, 1),
(49, 72, 27),
-- (49, 94, 1),
(49, 94, 24),
(49, 97, 38),
(49, 98, 50),
(49, 122, 43),
(49, 136, 30),
(49, 144, 1),
(50, 28, 19),
(50, 38, 40),
(50, 53, 15),
(50, 111, 24),
(50, 112, 1),
(50, 121, 31),
-- (51, 28, 1),
(51, 28, 19),
(51, 38, 47),
-- (51, 53, 1),
(51, 53, 15),
(51, 111, 24),
(51, 112, 1),
(51, 121, 35),
(52, 11, 12),
(52, 51, 33),
(52, 53, 1),
(52, 89, 17),
(52, 112, 1),
(52, 113, 24),
(52, 121, 44),
-- (53, 11, 1),
(53, 11, 12),
(53, 51, 37),
(53, 53, 1),
(53, 89, 17),
(53, 112, 1),
-- (53, 113, 1),
(53, 113, 24),
(53, 121, 51),
(54, 21, 36),
(54, 29, 31),
(54, 51, 43),
(54, 63, 52),
(54, 112, 1),
(54, 145, 28),
(55, 21, 39),
-- (55, 29, 1),
(55, 29, 31),
(55, 51, 48),
(55, 63, 59),
(55, 112, 1),
-- (55, 145, 1),
(55, 145, 28),
(56, 49, 27),
(56, 51, 21),
(56, 70, 15),
(56, 74, 1),
(56, 112, 1),
(56, 114, 33),
(56, 148, 39),
(57, 49, 27),
-- (57, 51, 1),
(57, 51, 21),
-- (57, 70, 1),
(57, 70, 15),
(57, 74, 1),
(57, 112, 1),
(57, 114, 37),
(57, 148, 46),
(58, 4, 39),
(58, 11, 1),
(58, 40, 18),
(58, 46, 50),
(58, 74, 23),
(58, 107, 1),
(58, 146, 30),
(59, 40, 1),
(59, 74, 1),
(59, 107, 1),
(59, 146, 1),
(60, 5, 38),
(60, 13, 31),
(60, 16, 1),
(60, 32, 25),
(60, 63, 45),
(60, 66, 16),
(60, 160, 19),
(61, 5, 41),
(61, 13, 33),
(61, 16, 1),
(61, 32, 26),
(61, 63, 49),
-- (61, 66, 1),
(61, 66, 16),
-- (61, 160, 1),
(61, 160, 19),
(62, 13, 1),
(62, 32, 1),
(62, 66, 1),
-- (62, 66, 16),
(62, 160, 1),
-- (62, 160, 19),
(63, 147, 1),
-- (64, 21, 1),
(64, 21, 16),
-- (64, 29, 1),
(64, 29, 20),
(64, 97, 27),
(64, 98, 38),
(64, 104, 31),
(64, 105, 42),
(64, 147, 1),
(65, 21, 1),
-- (65, 21, 16),
(65, 29, 1),
-- (65, 29, 20),
(65, 97, 27),
(65, 98, 38),
(65, 104, 31),
(65, 105, 42),
(65, 147, 1),
(66, 49, 32),
(66, 70, 1),
(66, 74, 25),
(66, 78, 20),
(66, 114, 39),
(66, 137, 46),
(67, 49, 36),
(67, 70, 1),
-- (67, 74, 1),
(67, 74, 25),
-- (67, 78, 1),
(67, 78, 20),
(67, 114, 44),
(67, 137, 52),
(68, 49, 36),
(68, 70, 1),
(68, 74, 1),
-- (68, 74, 25),
(68, 78, 1),
-- (68, 78, 20),
(68, 114, 44),
(68, 137, 52),
(69, 2, 26),
(69, 54, 1),
(69, 94, 15),
(69, 102, 33),
(69, 120, 42),
(69, 122, 18),
(69, 136, 21),
(69, 158, 1),
(69, 165, 13),
(70, 2, 29),
(70, 54, 1),
(70, 94, 15),
(70, 102, 38),
(70, 120, 49),
(70, 122, 18),
(70, 136, 23),
(70, 158, 1),
-- (70, 165, 1),
(70, 165, 13),
(71, 2, 1),
(71, 94, 15),
(71, 102, 1),
(71, 122, 1),
-- (71, 122, 18),
(71, 136, 1),
(71, 165, 13),
(72, 2, 1),
(72, 8, 33),
(72, 22, 27),
(72, 63, 48),
(72, 95, 18),
(72, 113, 40),
(72, 140, 7),
(72, 160, 22),
(72, 165, 13),
(73, 2, 1),
(73, 8, 35),
(73, 22, 27),
(73, 63, 50),
(73, 95, 18),
(73, 113, 43),
-- (73, 140, 1),
(73, 140, 7),
(73, 160, 22),
-- (73, 165, 1),
(73, 165, 13),
(74, 27, 11),
(74, 38, 31),
(74, 41, 36),
(74, 57, 26),
(74, 109, 16),
(74, 115, 21),
(74, 144, 1),
-- (75, 27, 1),
(75, 27, 11),
(75, 38, 36),
(75, 41, 43),
(75, 57, 29),
(75, 109, 16),
(75, 115, 21),
(75, 144, 1),
(76, 27, 1),
-- (76, 27, 11),
(76, 38, 36),
(76, 41, 43),
(76, 57, 29),
(76, 109, 16),
(76, 115, 21),
(76, 144, 1),
(77, 4, 48),
(77, 40, 1),
(77, 44, 39),
(77, 53, 35),
(77, 132, 32),
(77, 145, 30),
(77, 146, 43),
(78, 4, 55),
(78, 40, 1),
(78, 44, 39),
-- (78, 53, 1),
(78, 53, 35),
-- (78, 132, 1),
(78, 132, 32),
-- (78, 145, 1),
(78, 145, 30),
(78, 146, 47),
(79, 5, 40),
(79, 21, 1),
(79, 29, 18),
(79, 53, 27),
(79, 59, 22),
(79, 98, 48),
(79, 160, 33),
(80, 5, 44),
(80, 21, 1),
-- (80, 29, 1),
(80, 29, 18),
(80, 53, 27),
-- (80, 59, 1),
(80, 59, 22),
(80, 98, 55),
(80, 160, 33),
(80, 164, 37),
(81, 113, 47),
(81, 128, 21),
(81, 140, 29),
(81, 142, 41),
(81, 144, 1),
(81, 151, 25),
(81, 152, 35),
(82, 113, 54),
-- (82, 128, 1),
(82, 128, 21),
(82, 140, 29),
(82, 142, 46),
(82, 144, 1),
-- (82, 151, 1),
(82, 151, 25),
(82, 152, 38),
(83, 4, 31),
(83, 50, 15),
(83, 74, 7),
(83, 90, 1),
(83, 111, 1),
(83, 121, 39),
(83, 143, 23),
(84, 4, 44),
(84, 37, 30),
(84, 50, 24),
(84, 53, 20),
(84, 90, 1),
(84, 101, 36),
(84, 156, 40),
(85, 4, 51),
(85, 37, 30),
-- (85, 50, 1),
(85, 50, 24),
-- (85, 53, 1),
(85, 53, 20),
(85, 90, 1),
(85, 101, 39),
(85, 156, 45),
(86, 6, 35),
(86, 53, 30),
(86, 59, 1),
(86, 67, 50),
(86, 106, 40),
(86, 146, 45),
-- (87, 6, 1),
(87, 6, 35),
-- (87, 53, 1),
(87, 53, 30),
(87, 59, 1),
(87, 67, 56),
(87, 106, 44),
(87, 146, 50),
(88, 3, 55),
(88, 29, 1),
(88, 57, 42),
(88, 85, 33),
(88, 93, 30),
(88, 96, 1),
(88, 113, 48),
(88, 123, 37),
(89, 3, 60),
(89, 29, 1),
(89, 57, 45),
(89, 85, 33),
-- (89, 93, 1),
(89, 93, 30),
(89, 96, 1),
(89, 113, 53),
(89, 123, 37),
(90, 6, 30),
(90, 18, 23),
(90, 67, 50),
(90, 74, 39),
(90, 140, 18),
(90, 144, 1),
(90, 164, 1),
(91, 6, 1),
(91, 18, 1),
(91, 129, 50),
(91, 140, 1),
(91, 164, 1),
(92, 20, 1),
(92, 36, 35),
(92, 66, 27),
(92, 75, 1),
(92, 88, 1),
(93, 20, 1),
(93, 36, 38),
(93, 66, 29),
(93, 75, 1),
(93, 88, 1),
(94, 20, 1),
(94, 36, 38),
(94, 66, 29),
(94, 75, 1),
(94, 88, 1),
(95, 10, 15),
(95, 57, 43),
(95, 101, 25),
(95, 109, 19),
(95, 113, 1),
(95, 120, 33),
(95, 144, 1),
(96, 21, 17),
(96, 29, 12),
(96, 59, 24),
(96, 66, 1),
(96, 79, 37),
(96, 93, 29),
(96, 96, 1),
(96, 98, 32),
-- (97, 21, 1),
(97, 21, 17),
-- (97, 29, 1),
(97, 29, 12),
(97, 59, 24),
(97, 66, 1),
(97, 79, 43),
(97, 93, 33),
(97, 96, 1),
(97, 98, 37),
(98, 16, 1),
(98, 25, 35),
(98, 55, 25),
(98, 57, 40),
(98, 74, 1),
(98, 132, 30),
(98, 159, 20),
(99, 16, 1),
(99, 25, 42),
(99, 55, 25),
(99, 57, 49),
(99, 74, 1),
(99, 132, 34),
-- (99, 159, 1),
(99, 159, 20),
(100, 41, 43),
(100, 76, 29),
(100, 113, 1),
(100, 115, 22),
(100, 128, 17),
(100, 142, 36),
(100, 144, 1),
(101, 41, 50),
(101, 76, 29),
(101, 113, 1),
(101, 115, 22),
-- (101, 128, 1),
(101, 128, 17),
(101, 142, 40),
(101, 144, 1),
(102, 7, 1),
(102, 66, 1),
(102, 73, 28),
(102, 94, 37),
(102, 105, 25),
(102, 122, 48),
(102, 127, 42),
(102, 136, 32),
(103, 7, 1),
(103, 66, 1),
(103, 132, 28),
(104, 14, 1),
(104, 15, 43),
(104, 49, 31),
(104, 53, 1),
(104, 74, 25),
(104, 101, 46),
(104, 148, 38),
(105, 14, 1),
(105, 15, 48),
-- (105, 49, 1),
(105, 49, 33),
(105, 53, 1),
-- (105, 74, 1),
(105, 74, 25),
(105, 101, 55),
(105, 148, 41),
(106, 31, 1),
(106, 49, 43),
(106, 60, 48),
(106, 69, 38),
(106, 79, 1),
(106, 81, 53),
(106, 110, 33),
(107, 4, 1),
(107, 19, 1),
(107, 24, 53),
(107, 43, 33),
(107, 68, 38),
(107, 82, 48),
(107, 150, 43),
(108, 27, 23),
(108, 29, 15),
(108, 113, 39),
(108, 120, 31),
(108, 132, 7),
(108, 140, 1),
(108, 165, 1),
(109, 41, 48),
(109, 58, 45),
(109, 115, 40),
(109, 123, 32),
(109, 124, 1),
(109, 125, 37),
(109, 144, 1),
(110, 41, 53),
(110, 58, 49),
(110, 115, 43),
-- (110, 123, 1),
(110, 123, 32),
(110, 124, 1),
(110, 125, 39),
(110, 144, 1),
(111, 50, 40),
(111, 61, 1),
(111, 62, 45),
(111, 74, 50),
(111, 132, 30),
(111, 145, 35),
(111, 146, 55),
-- (112, 50, 1),
(112, 50, 40),
(112, 61, 1),
(112, 62, 48),
(112, 74, 55),
-- (112, 132, 1),
(112, 132, 30),
-- (112, 145, 1),
(112, 145, 35),
(112, 146, 64),
(113, 27, 44),
(113, 32, 1),
(113, 34, 54),
(113, 53, 30),
(113, 76, 48),
(113, 85, 38),
(113, 96, 1),
(113, 117, 24),
(114, 1, 29),
(114, 10, 1),
(114, 22, 1),
(114, 54, 49),
(114, 94, 32),
(114, 120, 45),
(114, 122, 39),
(114, 136, 36),
(115, 11, 26),
(115, 19, 1),
(115, 30, 46),
(115, 74, 41),
(115, 82, 36),
(115, 101, 1),
(115, 145, 31),
(116, 4, 37),
(116, 16, 1),
(116, 63, 45),
(116, 74, 24),
(116, 125, 19),
(116, 160, 30),
(117, 4, 41),
(117, 16, 1),
(117, 63, 52),
(117, 74, 24),
-- (117, 125, 1),
(117, 125, 19),
(117, 160, 30),
(118, 4, 54),
(118, 50, 30),
(118, 61, 24),
(118, 62, 45),
(118, 90, 1),
(118, 140, 19),
(118, 145, 1),
(118, 161, 37),
(119, 4, 54),
(119, 50, 30),
(119, 61, 24),
(119, 62, 48),
(119, 90, 1),
-- (119, 140, 1),
(119, 140, 19),
(119, 145, 1),
(119, 161, 39),
(120, 57, 22),
(120, 63, 47),
(120, 76, 42),
(120, 85, 37),
(120, 104, 27),
(120, 142, 32),
(120, 144, 1),
(120, 160, 17),
(121, 57, 1),
(121, 144, 1),
(121, 160, 1),
(122, 8, 1),
(122, 21, 1),
-- (122, 21, 15),
(122, 32, 31),
(122, 76, 23),
(122, 79, 39),
(122, 138, 47),
(123, 4, 42),
(123, 33, 24),
(123, 49, 20),
(123, 74, 17),
(123, 100, 1),
(123, 121, 29),
(123, 143, 35),
(124, 12, 58),
(124, 13, 39),
(124, 32, 23),
(124, 68, 31),
(124, 75, 18),
(124, 77, 1),
(124, 96, 1),
(124, 148, 47),
(125, 74, 1),
(125, 76, 49),
(125, 100, 1),
(125, 113, 37),
(125, 149, 54),
(125, 150, 42),
(125, 151, 34),
(126, 20, 39),
(126, 40, 1),
(126, 43, 43),
(126, 46, 55),
(126, 74, 36),
(126, 124, 52),
(126, 125, 48),
(127, 49, 36),
(127, 55, 30),
(127, 57, 43),
(127, 114, 25),
(127, 121, 49),
(127, 143, 54),
(127, 159, 1),
(128, 74, 35),
(128, 101, 44),
(128, 132, 21),
(128, 144, 1),
(128, 145, 28),
(128, 146, 51),
(129, 130, 1),
(129, 144, 15),
-- (130, 11, 1),
(130, 11, 20),
-- (130, 35, 1),
(130, 35, 25),
-- (130, 63, 1),
(130, 63, 41),
(130, 64, 52),
-- (130, 74, 1),
(130, 74, 32),
(131, 13, 25),
(131, 20, 31),
(131, 53, 1),
(131, 63, 46),
(131, 67, 38),
(131, 87, 20),
(131, 117, 16),
(131, 160, 1),
(132, 155, 1),
(133, 11, 37),
(133, 100, 27),
(133, 111, 1),
(133, 144, 1),
(133, 145, 31),
(133, 146, 45),
(134, 3, 42),
(134, 11, 40),
(134, 58, 44),
(134, 63, 54),
(134, 87, 48),
(134, 100, 1),
-- (134, 100, 27),
(134, 111, 1),
(134, 144, 1),
(134, 145, 37),
(134, 160, 1),
-- (134, 160, 31),
(135, 4, 44),
(135, 31, 42),
(135, 92, 48),
(135, 100, 1),
-- (135, 100, 27),
(135, 111, 1),
(135, 144, 1),
(135, 145, 37),
(135, 149, 54),
(135, 151, 1),
-- (135, 151, 31),
(135, 152, 40),
(136, 11, 40),
(136, 40, 1),
-- (136, 40, 31),
(136, 44, 44),
(136, 46, 54),
(136, 74, 42),
(136, 100, 1),
-- (136, 100, 27),
(136, 101, 48),
(136, 111, 1),
(136, 144, 1),
(136, 145, 37),
(137, 4, 35),
(137, 23, 1),
(137, 97, 23),
(137, 104, 28),
(137, 116, 1),
(137, 144, 1),
(137, 156, 42),
(138, 61, 34),
(138, 63, 53),
(138, 74, 39),
(138, 129, 46),
(138, 160, 1),
(138, 164, 1),
-- (139, 61, 1),
(139, 61, 34),
(139, 63, 49),
(139, 74, 39),
(139, 129, 44),
(139, 160, 1),
(139, 164, 1),
(140, 1, 34),
(140, 57, 1),
(140, 63, 49),
(140, 74, 44),
(140, 112, 1),
(140, 121, 39),
-- (141, 1, 1),
(141, 1, 34),
(141, 57, 1),
(141, 63, 53),
(141, 74, 46),
(141, 112, 1),
(141, 121, 39),
(142, 4, 1),
(142, 11, 38),
(142, 64, 54),
(142, 140, 33),
(142, 146, 45),
(142, 163, 1),
(143, 5, 1),
(143, 13, 35),
(143, 34, 48),
(143, 57, 41),
(143, 59, 1),
(143, 64, 56),
(143, 106, 1),
(144, 4, 55),
(144, 12, 51),
(144, 67, 1),
(144, 87, 60),
(144, 90, 1),
(145, 4, 55),
(145, 37, 1),
(145, 76, 60),
(145, 149, 51),
(145, 151, 1),
(146, 4, 55),
(146, 44, 1),
(146, 74, 51),
(146, 90, 1),
(146, 119, 60),
(147, 4, 20),
(147, 35, 40),
(147, 64, 50),
(147, 74, 1),
(147, 120, 30),
(147, 152, 10),
(147, 165, 1),
(148, 4, 20),
(148, 35, 45),
(148, 64, 55),
(148, 74, 1),
(148, 120, 35),
-- (148, 152, 1),
(148, 152, 10),
(148, 165, 1),
-- (149, 4, 1),
(149, 4, 20),
(149, 35, 45),
(149, 64, 60),
(149, 74, 1),
(149, 120, 35),
-- (149, 152, 1),
(149, 152, 10),
(149, 165, 1),
(150, 5, 81),
(150, 8, 63),
(150, 21, 1),
(150, 29, 1),
(150, 87, 75),
(150, 98, 1),
-- (150, 98, 66),
(150, 104, 70),
(150, 142, 1),
(151, 82, 20),
(151, 83, 30),
(151, 96, 1),
(151, 98, 40),
(151, 155, 10);
